path,size_bytes,size_MB,size_GB,index
./reddit/subreddits24/AskReddit_comments.zst,90194313216.0,86016.0,84.0,3723
./reddit/subreddits24/politics_comments.zst,25769803776.0,24576.0,24.0,69310
./reddit/subreddits24/AmItheAsshole_comments.zst,18253611008.0,17408.0,17.0,2170
./reddit/subreddits24/worldnews_comments.zst,15032385536.0,14336.0,14.0,79333
./reddit/subreddits24/nba_comments.zst,11811160064.0,11264.0,11.0,66504
./reddit/subreddits24/pics_comments.zst,11811160064.0,11264.0,11.0,68887
./reddit/subreddits24/funny_comments.zst,10737418240.0,10240.0,10.0,58813
./reddit/subreddits24/gaming_comments.zst,10737418240.0,10240.0,10.0,59074
./reddit/subreddits24/leagueoflegends_comments.zst,10737418240.0,10240.0,10.0,63639
./reddit/subreddits24/news_comments.zst,10737418240.0,10240.0,10.0,66756
./reddit/subreddits24/nfl_comments.zst,10737418240.0,10240.0,10.0,66848
./reddit/subreddits24/soccer_comments.zst,10200547328.0,9728.0,9.5,73124
./reddit/subreddits24/teenagers_comments.zst,9771050598.4,9318.4,9.1,74773
./reddit/subreddits24/memes_comments.zst,8697308774.4,8294.4,8.1,65234
./reddit/subreddits24/relationship_advice_comments.zst,8482560409.6,8089.6,7.9,70789
./reddit/subreddits24/todayilearned_comments.zst,8160437862.4,7782.4,7.6,75628
./reddit/subreddits24/wallstreetbets_comments.zst,7516192768.0,7168.0,7.0,78359
./reddit/subreddits24/movies_comments.zst,7301444403.2,6963.2,6.8,66081
./reddit/subreddits24/SquaredCircle_comments.zst,7194070220.8,6860.8,6.7,40423
./reddit/subreddits24/CFB_comments.zst,6871947673.6,6553.6,6.4,7576
